<?xml version="1.0" encoding="UTF-8"?>
<config xmlns="http://www.knime.org/2008/09/XMLConfig" xmlns:xsi="http://www.w3.org/2001/XMLSchema-instance" xsi:schemaLocation="http://www.knime.org/2008/09/XMLConfig http://www.knime.org/XMLConfig_2008_09.xsd" key="MiningSchema">
    <config key="learning">
        <entry key="array-size" type="xint" value="11"/>
        <entry key="0" type="xstring" value="Age"/>
        <entry key="1" type="xstring" value="Sex"/>
        <entry key="2" type="xstring" value="ChestPain"/>
        <entry key="3" type="xstring" value="RestBP"/>
        <entry key="4" type="xstring" value="Fbs"/>
        <entry key="5" type="xstring" value="RestECG"/>
        <entry key="6" type="xstring" value="ExAng"/>
        <entry key="7" type="xstring" value="Oldpeak"/>
        <entry key="8" type="xstring" value="Slope"/>
        <entry key="9" type="xstring" value="Ca"/>
        <entry key="10" type="xstring" value="Thal"/>
    </config>
    <config key="target">
        <entry key="array-size" type="xint" value="1"/>
        <entry key="0" type="xstring" value="AHD"/>
    </config>
</config>
